{
  "IcoMoonType": "selection",
  "icons": [
    {
      "icon": {
        "paths": [
          "M480 512l-104-104-24 24 144 144 144-144-24-24-104 104v-352h-32v352zM640 576h216.801l-140-224h-172.801v-32h192l160 256v288h-800v-288l160-256h192v32h-172.801l-140 224h216.801v64c0 35.346 28.667 64 63.917 64h160.167c35.3 0 63.917-28.407 63.917-64v-64z"
        ],
        "attrs": [
          {}
        ],
        "isMulticolor": false,
        "isMulticolor2": false,
        "tags": [
          "inbox-download"
        ],
        "grid": 32
      },
      "attrs": [
        {}
      ],
      "properties": {
        "order": 1,
        "id": 0,
        "prevSize": 32,
        "name": "archive"
      },
      "setIdx": 0,
      "setId": 4,
      "iconIdx": 0
    },
    {
      "icon": {
        "paths": [
          "M629.76 189.44l204.8 204.8-629.76 629.76h-204.8v-204.8l629.76-629.76zM701.44 117.76l117.76-117.76 204.8 204.8-117.76 117.76-204.8-204.8z"
        ],
        "attrs": [
          {}
        ],
        "isMulticolor": false,
        "isMulticolor2": false,
        "tags": [
          "edit-pencil"
        ],
        "grid": 20
      },
      "attrs": [
        {}
      ],
      "properties": {
        "order": 1,
        "id": 0,
        "prevSize": 20,
        "name": "edit"
      },
      "setIdx": 1,
      "setId": 3,
      "iconIdx": 0
    },
    {
      "icon": {
        "paths": [
          "M256 832c0 52.992 42.976 96 96 96h320c52.992 0 96-43.008 96-96l64-512h-640l64 512zM608 416h64v416h-64v-416zM480 416h64v416h-64v-416zM352 416h64v416h-64v-416zM816 192h-208c0 0-14.336-64-32-64h-128c-17.696 0-32 64-32 64h-208c-26.528 0-48 21.472-48 48s0 48 0 48h704c0 0 0-21.472 0-48s-21.504-48-48-48z"
        ],
        "attrs": [
          {}
        ],
        "isMulticolor": false,
        "isMulticolor2": false,
        "tags": [
          "trashcan",
          "remove",
          "delete"
        ],
        "grid": 32
      },
      "attrs": [
        {}
      ],
      "properties": {
        "order": 1,
        "id": 0,
        "prevSize": 32,
        "name": "delete"
      },
      "setIdx": 2,
      "setId": 2,
      "iconIdx": 0
    }
  ],
  "height": 1024,
  "preferences": {
    "showGlyphs": true,
    "showQuickUse": true,
    "showQuickUse2": true,
    "showSVGs": true,
    "fontPref": {
      "prefix": "icon-",
      "metadata": {
        "fontFamily": "icomoon"
      },
      "metrics": {
        "emSize": 1024,
        "baseline": 6.25,
        "whitespace": 50
      },
      "embed": false
    },
    "imagePref": {
      "prefix": "icon-",
      "png": true,
      "useClassSelector": true,
      "color": 0,
      "bgColor": 16777215,
      "classSelector": ".icon",
      "name": "icomoon"
    },
    "historySize": 50,
    "showCodes": true,
    "gridSize": 16
  }
}